{"莲花路": {"d": 23, "color": 2, "gpsy": 31.132708149999999, "M": [], "P": "锦江乐园", "y": 916, "x": 450, "line": 1, "gpsx": 121.39815759999999, "leader": "{}", "dir": "[5.0, 1.0]", "name": "莲花路"}, "马当路": {"d": 21, "color": 2, "gpsy": 31.21136937, "M": [], "P": "陆家浜路", "y": 708, "x": 1125, "line": 9, "gpsx": 121.4722331, "leader": "{}", "dir": "[0.0, 4.0]", "name": "马当路"}, "宜山路": {"d": 18, "color": 2, "gpsy": 31.188189080000001, "M": [], "P": "虹桥路", "y": 708, "x": 675, "line": 4, "gpsx": 121.42272949999999, "leader": {"xj": 674.9999999999999, "B": 109.2, "picW": 91.0, "t1": [0.0, 0.0, 1.0, 0.0, 0.0, 0.0, 0.0, 0.0, 0.0, 0.0, 0.0, 0.0, 0.0, 0.0, 0.0, 0.0], "l2": 0.0, "yj": 598.8, "picH": 91.0, "lbd": 0.0, "l1": 110.0, "yp": 598.8, "xp": 674.9999999999983, "dir": 2.0}, "dir": "[0.0, 4.0, 3.0, 7.0]", "name": "宜山路"}, "小南门": {"d": 19, "color": 2, "gpsy": 31.218988589999999, "M": [], "P": "商城路", "y": 708, "x": 1275, "line": 9, "gpsx": 121.4938183, "leader": "{}", "dir": "[0.0, 4.0]", "name": "小南门"}, "大木桥路": {"d": 22, "color": 2, "gpsy": 31.196182390000001, "M": [], "P": "东安路", "y": 791, "x": 975, "line": 4, "gpsx": 121.45906359999999, "leader": "{}", "dir": "[0.0, 4.0]", "name": "大木桥路"}, "杨高中路": {"d": 18, "color": 2, "gpsy": 31.22958393, "M": [], "P": "世纪大道", "y": 708, "x": 1500, "line": 9, "gpsx": 121.54431840000001, "leader": "{}", "dir": "[4.0]", "name": "杨高中路"}, "泗泾": {"d": 26, "color": 2, "gpsy": 31.120395290000001, "M": [], "P": "九亭", "y": 708, "x": 75, "line": 9, "gpsx": 121.25622549999999, "leader": "{}", "dir": "[4.0, 0.0]", "name": "泗泾"}, "黄陂南路": {"d": 14, "color": 2, "gpsy": 31.224759859999999, "M": [], "P": "人民广场", "y": 666, "x": 1125, "line": 1, "gpsx": 121.46871670000002, "leader": "{}", "dir": "[4.0, 1.0]", "name": "黄陂南路"}, "海伦路": {"d": 12, "color": 2, "gpsy": 31.26096695, "M": [], "P": "宝山路", "y": 500, "x": 1200, "line": 4, "gpsx": 121.4843783, "leader": "{}", "dir": "[4.0, 7.0]", "name": "海伦路"}, "汉中路": {"d": 0, "color": 2, "gpsy": 31.24294673, "M": [], "P": "上海火车站", "y": 541, "x": 1125, "line": 1, "gpsx": 121.4541803, "leader": "{}", "dir": "[7.0, 3.0]", "name": "汉中路"}, "虹桥路": {"d": 17, "color": 2, "gpsy": 31.19876777, "M": [], "P": "延安西路", "y": 666, "x": 750, "line": 4, "gpsx": 121.4169534, "leader": "{}", "dir": "[7.0, 2.0]", "name": "虹桥路"}, "常熟路": {"d": 16, "color": 2, "gpsy": 31.215580320000001, "M": [], "P": "陕西南路", "y": 666, "x": 975, "line": 1, "gpsx": 121.44558429999999, "leader": "{}", "dir": "[0.0, 4.0]", "name": "常熟路"}, "金沙江路": {"d": 14, "color": 2, "gpsy": 31.233723909999998, "M": [], "P": "曹杨路", "y": 541, "x": 750, "line": 4, "gpsx": 121.40835619999999, "leader": "{}", "dir": "[1.0, 6.0]", "name": "金沙江路"}, "中春路": {"d": 24, "color": 2, "gpsy": 31.151647100000002, "M": [], "P": "七宝", "y": 708, "x": 225, "line": 9, "gpsx": 121.33377890000001, "leader": "{}", "dir": "[0.0, 4.0]", "name": "中春路"}, "漕河泾开发区": {"d": 20, "color": 2, "gpsy": 31.17234303, "M": [], "P": "桂林路", "y": 708, "x": 525, "line": 9, "gpsx": 121.39296589999999, "leader": "{}", "dir": "[4.0, 0.0]", "name": "漕河泾开发区"}, "商城路": {"d": 18, "color": 2, "gpsy": 31.23242393, "M": [], "P": "世纪大道", "y": 708, "x": 1350, "line": 9, "gpsx": 121.51190269999999, "leader": "{}", "dir": "[0.0, 4.0]", "name": "商城路"}, "佘山": {"d": 27, "color": 2, "gpsy": 31.10675792, "M": [], "P": "泗泾", "y": 708, "x": 0, "line": 9, "gpsx": 121.2252895, "leader": "{}", "dir": "[6.0, 0.0]", "name": "佘山"}, "宝山路": {"d": 11, "color": 2, "gpsy": 31.2534618, "M": [], "P": "上海火车站", "y": 500, "x": 1125, "line": 4, "gpsx": 121.47196529999999, "leader": "{}", "dir": "[0.0, 4.0]", "name": "宝山路"}, "延安西路": {"d": 16, "color": 2, "gpsy": 31.211607910000001, "M": [], "P": "中山公园", "y": 625, "x": 750, "line": 4, "gpsx": 121.41243670000001, "leader": "{}", "dir": "[2.0, 6.0]", "name": "延安西路"}, "新闸路": {"d": 12, "color": 2, "gpsy": 31.240488419999998, "M": [], "P": "汉中路", "y": 583, "x": 1200, "line": 1, "gpsx": 121.4637398, "leader": "{}", "dir": "[3.0, 6.0]", "name": "新闸路"}, "彭浦新村": {"d": 5, "color": 2, "gpsy": 31.308527850000001, "M": [], "P": "共康路", "y": 291, "x": 675, "line": 1, "gpsx": 121.4440726, "leader": "{}", "dir": "[7.0, 3.0]", "name": "彭浦新村"}, "洞泾": {"d": 28, "color": 2, "gpsy": 31.086555950000001, "M": [], "P": "佘山", "y": 750, "x": 0, "line": 9, "gpsx": 121.22605959999999, "leader": "{}", "dir": "[2.0, 6.0]", "name": "洞泾"}, "七宝": {"d": 23, "color": 2, "gpsy": 31.157398300000001, "M": [], "P": "星中路", "y": 708, "x": 300, "line": 9, "gpsx": 121.3449524, "leader": "{}", "dir": "[4.0, 0.0]", "name": "七宝"}, "宝安公路": {"d": 0, "color": 2, "gpsy": 31.371644360000001, "M": [], "P": "0", "y": 83, "x": 300, "line": 1, "gpsx": 121.42629669999999, "leader": "{}", "dir": "[7.0, 3.0]", "name": "宝安公路"}, "松江南站": {"d": 33, "color": 2, "gpsy": 30.987172659999999, "M": [], "P": "醉白池", "y": 958, "x": 0, "line": 9, "gpsx": 121.22671969999999, "leader": "{}", "dir": "[2.0]", "name": "松江南站"}, "桂林路": {"d": 19, "color": 2, "gpsy": 31.17677209, "M": [], "P": "宜山路", "y": 708, "x": 600, "line": 9, "gpsx": 121.41387160000001, "leader": "{}", "dir": "[0.0, 4.0]", "name": "桂林路"}, "延长路": {"d": 8, "color": 2, "gpsy": 31.273657910000001, "M": [], "P": "上海马戏城", "y": 416, "x": 900, "line": 1, "gpsx": 121.45087579999999, "leader": "{}", "dir": "[7.0, 3.0]", "name": "延长路"}, "锦江乐园": {"d": 22, "color": 2, "gpsy": 31.144096130000001, "M": [], "P": "上海南站", "y": 875, "x": 525, "line": 1, "gpsx": 121.40956259999999, "leader": "{}", "dir": "[1.0, 5.0]", "name": "锦江乐园"}, "大连路": {"d": 14, "color": 2, "gpsy": 31.260017250000001, "M": [], "P": "临平路", "y": 583, "x": 1350, "line": 4, "gpsx": 121.5086027, "leader": "{}", "dir": "[7.0, 3.0]", "name": "大连路"}, "浦东大道": {"d": 16, "color": 2, "gpsy": 31.241961480000001, "M": [], "P": "杨树浦路", "y": 666, "x": 1425, "line": 4, "gpsx": 121.5151075, "leader": "{}", "dir": "[2.0, 6.0]", "name": "浦东大道"}, "曹杨路": {"d": 13, "color": 2, "gpsy": 31.24057191, "M": [], "P": "镇坪路", "y": 500, "x": 825, "line": 4, "gpsx": 121.41303219999999, "leader": "{}", "dir": "[5.0, 0.0]", "name": "曹杨路"}, "通河新村": {"d": 3, "color": 2, "gpsy": 31.333255560000001, "M": [], "P": "呼兰路", "y": 208, "x": 525, "line": 1, "gpsx": 121.43676440000002, "leader": "{}", "dir": "[7.0, 3.0]", "name": "通河新村"}, "星中路": {"d": 22, "color": 2, "gpsy": 31.16010034, "M": [], "P": "合川路", "y": 708, "x": 375, "line": 9, "gpsx": 121.3643713, "leader": "{}", "dir": "[4.0, 0.0]", "name": "星中路"}, "世纪大道": {"d": 17, "color": 2, "gpsy": 31.231022459999998, "M": [], "P": "浦东大道", "y": 708, "x": 1425, "line": 4, "gpsx": 121.5225233, "leader": {"xj": 1370.4, "B": 109.2, "picW": 91.0, "t1": [0.0, 0.0, 0.0, 1.0, 0.0, 0.0, 0.0, 0.0, 0.0, 0.0, 1.0, 0.0, 0.0, 0.0, 0.0, 0.0], "l2": 0.0, "yj": 653.4000000000001, "picH": 91.0, "lbd": 1.0, "l1": 55.0, "yp": 653.4, "xp": 1370.3999999999999, "dir": 3.0}, "dir": "[2.0, 0.0, 6.0, 4.0]", "name": "世纪大道"}, "临平路": {"d": 13, "color": 2, "gpsy": 31.262931640000001, "M": [], "P": "海伦路", "y": 541, "x": 1275, "line": 4, "gpsx": 121.49658100000001, "leader": "{}", "dir": "[3.0, 7.0]", "name": "临平路"}, "合川路": {"d": 21, "color": 2, "gpsy": 31.168452899999998, "M": [], "P": "漕河泾开发区", "y": 708, "x": 450, "line": 9, "gpsx": 121.37995829999998, "leader": "{}", "dir": "[0.0, 4.0]", "name": "合川路"}, "浦电路": {"d": 18, "color": 2, "gpsy": 31.22501913, "M": [], "P": "世纪大道", "y": 750, "x": 1425, "line": 4, "gpsx": 121.52768290000002, "leader": "{}", "dir": "[5.0, 2.0]", "name": "浦电路"}, "上海火车站": {"d": 10, "color": 2, "gpsy": 31.250756750000001, "M": [], "P": "中山北路", "y": 500, "x": 1050, "line": 1, "gpsx": 121.45292670000001, "leader": {"xj": 1050.0, "B": 109.2, "picW": 91.0, "t1": [0.0, 0.0, 1.0, 0.0, 0.0, 0.0, 0.0, 0.0, 0.0, 0.0, 0.0, 0.0, 0.0, 0.0, 0.0, 0.0], "l2": 0.0, "yj": 390.8, "picH": 91.0, "lbd": 0.0, "l1": 110.0, "yp": 390.8, "xp": 1049.9999999999984, "dir": 2.0}, "dir": "[7.0, 3.0, 0.0, 4.0]", "name": "上海火车站"}, "富锦路": {"d": 2, "color": 2, "gpsy": 31.394206010000001, "M": [], "P": "友谊西路", "y": 0, "x": 150, "line": 1, "gpsx": 121.41994840000002, "leader": "{}",